id_departement;libelle_de_commune;Latitude;Longitude
77;Beaumont-du-Gâtinais;48,14077042;2,492034691
77;Château-Landon;48,14836676;2,699708697
77;Bransles;48,14907968;2,828144453
77;Mondreville;48,15104973;2,597643554
77;Gironville;48,16269119;2,533415487
77;Chenou;48,16503036;2,652744453
77;Arville;48,18127559;2,55657978
77;Égreville;48,18212852;2,884371183
77;Maisoncelles-en-Gâtinais;48,18279297;2,621229709
77;Souppes-sur-Loing;48,18687345;2,747532452
77;Chaintreaux;48,19110116;2,814199448
77;Bougligny;48,19900494;2,667120749
77;Villebéon;48,20491389;2,928373011
77;Aufferville;48,20493428;2,600967833
77;La Madeleine-sur-Loing;48,20510691;2,70184814
77;Ichy;48,20628678;2,541771343
77;Obsonville;48,21655517;2,568649504
77;Vaux-sur-Lunain;48,21721277;2,956086872
77;Remauville;48,22059662;2,825371922
77;Bagneaux-sur-Loing;48,22331317;2,707509702
77;Fa˙-lčs-Nemours;48,22768747;2,664121711
77;Châtenoy;48,23087815;2,62712493
77;Burcy;48,23306895;2,525554224
77;Poligny;48,23367855;2,756343215
77;Garentreville;48,23398844;2,559801211
77;Lorrez-le-Bocage-Préaux;48,23973101;2,896488129
77;Paley;48,24099023;2,853934445
77;Ormesson;48,24363015;2,651602281
77;Blennes;48,2449362;3,011975438
77;Chevrainvilliers;48,24597893;2,602460707
77;Chevry-en-Sereine;48,24860775;2,960383877
77;Fromont;48,25351128;2,508350173
77;Nanteau-sur-Lunain;48,25429476;2,813040785
77;Nemours;48,25960679;2,711079931
77;Guercheville;48,25971747;2,557718182
77;Boulancourt;48,26145089;2,451124048
77;Saint-Pierre-lčs-Nemours;48,26468805;2,666473814
77;Rumont;48,27035865;2,495117694
77;Villemaréchal;48,27169757;2,868548145
77;Saint-Ange-le-Viel;48,27236867;2,904714455
77;Treuzy-Levelay;48,27301198;2,794817349
77;Darvault;48,27703888;2,72843016
77;Larchant;48,28292753;2,598866696
77;Voulx;48,28520611;2,969982523
77;Buthiers;48,28691477;2,453666872
77;Amponville;48,28743717;2,530690737
77;Nonville;48,28866643;2,773929497
77;Diant;48,29140844;3,005082947
77;Thoury-Férottes;48,29745864;2,939720648
77;Montcourt-Fromonville;48,29917848;2,71237772
77;Villemer;48,30365721;2,826057744
91;Estouches;48,30697808;2,132611181
77;Grez-sur-Loing;48,30712216;2,677423419
91;Angerville;48,30956277;2,006191123
77;Flagy;48,30957157;2,917008961
77;Boissy-aux-Cailles;48,31188396;2,492770362
77;Dormelles;48,31342326;2,889222359
77;Villiers-sous-Grez;48,31443334;2,639183517
77;La Genevraye;48,31502778;2,752965428
77;La Chapelle-la-Reine;48,31594623;2,566697072
91;Méréville;48,31837808;2,073699293
77;Montmachoux;48,31996423;2,992383085
77;Nanteau-sur-Essonne;48,3201309;2,426770439
91;Blandy;48,32375391;2,257859111
91;Brouy;48,32644812;2,289278904
91;Arrancourt;48,32670411;2,151555349
77;Villecerf;48,32726351;2,84591676
91;Boigneville;48,32816895;2,366091676
77;Épisy;48,33162032;2,793046844
77;Bourron-Marlotte;48,33526108;2,701699935
77;Noisy-Rudignon;48,33647935;2,934089647
77;La Brosse-Montceaux;48,33894313;3,023627289
77;Recloses;48,33979265;2,642685895
77;Ury;48,34087661;2,600355208
77;Montigny-sur-Loing;48,34133247;2,750948601
77;Esmans;48,34295198;2,969156533
77;Tousson;48,34334863;2,457926082
91;Abbéville-la-Rivičre;48,34374614;2,191276793
91;Champmotteux;48,34393976;2,314851154
77;Ville-Saint-Jacques;48,34453858;2,898328918
91;Roinvilliers;48,34469666;2,236975631
77;Le Vaudoué;48,34713364;2,521876381
91;Monnerville;48,34757783;2,037561404
77;Achčres-la-Foręt;48,34852856;2,564566867
91;Saint-Cyr-la-Rivičre;48,35010333;2,13743376
91;Pussay;48,35013904;1,997583934
77;Montarlot;48,35139759;2,858266693
91;Prunay-sur-Essonne;48,35206625;2,361308276
91;Buno-Bonnevaux;48,35690899;2,406961473
77;Écuelles;48,35793786;2,831110242
91;Mespuits;48,35830124;2,276600443
91;Saclas;48,35838562;2,113332141
91;Fontaine-la-Rivičre;48,36023678;2,164827802
77;Cannes-Écluse;48,36403767;2,99078668
77;Moret-sur-Loing;48,36509292;2,811725858
77;Misy-sur-Yonne;48,36561443;3,095243658
77;Barbey;48,36603354;3,050011831
91;Gironville-sur-Essonne;48,36633262;2,345743477
91;Guillerval;48,36830564;2,07601235
77;Varennes-sur-Seine;48,36853939;2,93052193
91;Marolles-en-Beauce;48,36922552;2,204236126
91;Bois-Herpin;48,37179214;2,243988635
77;Noisy-sur-École;48,37768899;2,508745424
91;Chalou-Moulineux;48,3803155;2,026167116
77;Veneux-les-Sablons;48,38117198;2,795351588
77;Montigny-le-Guesdier;48,38124104;3,249510332
91;Oncy-sur-École;48,381935;2,456868762
91;Boissy-la-Rivičre;48,38241466;2,170050867
91;Congerville-Thionville;48,38276434;1,990879045
77;Marolles-sur-Seine;48,3838864;3,032021659
91;La Foręt-Sainte-Croix;48,38408022;2,230534671
77;La Tombe;48,38674832;3,093574308
77;Saint-Mammčs;48,38678656;2,818997064
77;Gravon;48,38829805;3,124926036
77;Baby;48,38941522;3,344804316
77;Montereau-Fault-Yonne;48,38988309;2,961554797
77;La Grande-Paroisse;48,39175445;2,898317421
91;Valpuiseaux;48,39222796;2,303287573
91;Maisse;48,39589413;2,370094058
77;Mousseaux-lčs-Bray;48,39593881;3,22954318
77;Balloy;48,39687576;3,151363244
77;Bazoches-lčs-Bray;48,39837229;3,192618119
91;Puiselet-le-Marais;48,39932374;2,263444735
77;Villenauxe-la-Petite;48,40040127;3,313274706
91;Ormoy-la-Rivičre;48,4004789;2,164300448
91;Milly-la-Foręt;48,40329482;2,464954035
77;Thomery;48,40420734;2,779972903
77;Villuis;48,40534247;3,359036448
77;Vernou-la-Celle-sur-Seine;48,40623742;2,853821357
77;Fontainebleau;48,40668565;2,680313964
77;Saint-Germain-Laval;48,40896528;2,994817224
77;Champagne-sur-Seine;48,40935683;2,807933927
77;Arbonne-la-Foręt;48,41033839;2,561097527
77;Fontaine-Fourches;48,41203045;3,394312584
77;Courcelles-en-Bassée;48,41256065;3,052940506
77;Avon;48,41296991;2,73351874
77;Jaulnes;48,41447658;3,276347356
77;Bray-sur-Seine;48,41459728;3,243899654
91;Mérobert;48,41578017;1,99629786
91;Chalo-Saint-Mars;48,41673249;2,051588217
91;Courdimanche-sur-Essonne;48,41803142;2,363440676
77;Châtenay-sur-Seine;48,41994052;3,094530285
77;Samoreau;48,42001044;2,769787341
91;Étampes;48,42112823;2,138388817
77;Forges;48,42190598;2,948773946
91;Saint-Escobille;48,42241537;1,957964216
77;Passy-sur-Seine;48,42868061;3,345846146
91;Vayres-sur-Essonne;48,43152194;2,345691315
77;Vulaines-sur-Seine;48,43163602;2,76934764
77;Salins;48,43166392;3,019417721
77;Mouy-sur-Seine;48,43214775;3,246043896
91;Bouville;48,43264834;2,278385642
77;Saint-Martin-en-Bičre;48,43424036;2,574834583
91;Boutigny-sur-Essonne;48,43618184;2,395422376
91;Moigny-sur-École;48,43712909;2,43964125
77;Saint-Sauveur-lčs-Bray;48,43798895;3,204632812
91;Courances;48,43854783;2,484800492
77;Grisy-sur-Seine;48,43924634;3,317544992
77;Égligny;48,43970622;3,124180514
91;Morigny-Champigny;48,44094754;2,207487977
91;Saint-Hilaire;48,44161956;2,087070926
77;Héricy;48,44183364;2,789424882
77;Vimpelles;48,44306475;3,166543102
91;Plessis-Saint-Benoist;48,44519941;2,003049952
77;Fleury-en-Bičre;48,44520914;2,540536948
77;Machault;48,44599697;2,841122959
77;Valence-en-Brie;48,44622522;2,893071395
77;Barbizon;48,44851664;2,600513356
91;Orveau;48,44917589;2,296667446
77;Noyen-sur-Seine;48,4518691;3,342266235
91;Authon-la-Plaine;48,45341376;1,956771833
77;Montigny-Lencoup;48,45434821;3,05281641
77;Samois-sur-Seine;48,45505157;2,752911553
77;Laval-en-Brie;48,45527507;2,975579886
91;Boutervilliers;48,45558302;2,051146824
91;D'Huison-Longueville;48,45571912;2,327540552
77;Villiers-sur-Seine;48,45637435;3,383017198
77;Les Ormes-sur-Voulzie;48,45957887;3,225032141
91;Dannemois;48,45972881;2,464508284
78;Paray-Douaville;48,45996633;1,8629167
77;Cély;48,45998756;2,525313262
77;Everly;48,4602932;3,263842263
77;Luisetaines;48,46106815;3,185632578
91;Bričres-les-Scellés;48,46367691;2,142900972
77;Échouboulains;48,46371996;2,929599308
91;Guigneville-sur-Essonne;48,46385897;2,371038303
77;Féricy;48,46518587;2,803483307
91;Villeneuve-sur-Auvers;48,46711916;2,254150102
78;Allainville;48,46780494;1,902486562
91;Videlles;48,46836641;2,42068572
91;Richarville;48,46855029;1,998426101
77;Pamfou;48,46861375;2,864156452
91;Chatignonville;48,46875998;1,932528746
77;Chailly-en-Bičre;48,46976617;2,611648754
91;Boissy-le-Cutté;48,4702886;2,285181607
77;Coutençon;48,47294149;2,997283625
77;Sigy;48,47306126;3,163639627
77;Saint-Germain-sur-École;48,47430725;2,510781898
91;La Foręt-le-Roi;48,47551833;2,046851528
77;Bois-le-Roi;48,4760362;2,701595291
77;Gouaix;48,47604429;3,296813546
91;Auvers-Saint-Georges;48,47737217;2,226001475
77;Donnemarie-Dontilly;48,47784291;3,118257357
78;Orsonville;48,47790868;1,826836656
91;Soisy-sur-École;48,47866671;2,482221539
77;Perthes;48,47973061;2,55038052
91;La Ferté-Alais;48,48122195;2,367349785
77;Paroy;48,48128613;3,201645654
77;Fontaine-le-Port;48,4842449;2,767063542
77;Gurcy-le-Châtel;48,4844716;3,080906294
91;Boissy-le-Sec;48,48467119;2,091432109
91;Cerny;48,48597985;2,310682839
77;Hermé;48,48609632;3,345994631
77;Chalmaison;48,49016412;3,256436756
91;Mondeville;48,49120356;2,420454066
77;Mons-en-Montois;48,49123126;3,139570418
77;Thénisy;48,49169456;3,177993189
91;Étréchy;48,49248324;2,179288481
77;Jutigny;48,49400826;3,226669996
77;Chartrettes;48,49426661;2,713621816
77;Villeneuve-les-Bordes;48,49474574;3,030857461
91;Corbreuse;48,49476571;1,960310712
91;Baulne;48,49496877;2,381408841
77;Villiers-en-Bičre;48,49542208;2,600341789
77;Les Écrennes;48,49567469;2,875528602
78;Boinville-le-Gaillard;48,49580306;1,871151024
91;Les Granges-le-Roi;48,49810664;2,010597784
77;Saint-Sauveur-sur-École;48,49970724;2,534118762
91;Janville-sur-Juine;48,50111348;2,253857561
77;Le Châtelet-en-Brie;48,50160687;2,80339102
91;Villeconin;48,50191826;2,128130431
77;Melz-sur-Seine;48,50408922;3,396941812
91;Nainville-les-Roches;48,50472969;2,495552316
77;Livry-sur-Seine;48,50510163;2,686478213
77;La Chapelle-Rablais;48,50591766;2,960755614
91;Champcueil;48,50676937;2,448155296
77;La Rochette;48,50684602;2,659559419
77;Cessoy-en-Montois;48,5073073;3,138844194
91;Chauffour-lčs-Étréchy;48,50786196;2,168438223
77;Soisy-Bouy;48,50848665;3,299876049
77;Savins;48,51159125;3,205183441
77;Boissise-le-Roi;48,51197791;2,569919095
91;Bouray-sur-Juine;48,51230201;2,296103422
77;Meigneux;48,51378535;3,096905028
77;Dammarie-les-Lys;48,51383387;2,628543743
77;Longueville;48,51449156;3,23853264
91;Itteville;48,51452414;2,344315796
78;Saint-Martin-de-Bréthencourt;48,51485922;1,915681718
91;Chamarande;48,51677397;2,218000829
91;Roinville;48,51706983;2,053331445
77;Pringy;48,51766003;2,55002787
77;Sognolles-en-Montois;48,51881483;3,152203269
77;Fontains;48,52176336;3,006870606
91;Ballancourt-sur-Essonne;48,52189975;2,387880251
77;Boissettes;48,52349303;2,614635862
77;Vaux-le-Pénil;48,52458711;2,697271544
78;Prunay-en-Yvelines;48,52676272;1,805139728
91;Souzy-la-Briche;48,52691616;2,154320823
91;Lardy;48,52703541;2,270177128
91;Mauchamps;48,52726809;2,19718165
77;Chalautre-la-Petite;48,52731739;3,315274965
77;Lizines;48,52807181;3,165328741
78;Ablis;48,52832577;1,850964994
91;Auvernaux;48,52911815;2,487915511
77;La Chapelle-Gauthier;48,53067447;2,862867878
77;Sivry-Courtry;48,53088752;2,756150071
91;Sermaise;48,53109307;2,08893971
91;Torfou;48,53204943;2,234472046
77;Fontenailles;48,53244834;2,927308895
91;Chevannes;48,53353558;2,440626285
77;Boissise-la-Bertrand;48,53390845;2,589507558
77;Sainte-Colombe;48,53435554;3,259190712
78;Sainte-Mesme;48,53568624;1,940577193
91;Dourdan;48,53593515;1,994301568
91;Saint-Sulpice-de-Favičres;48,53636089;2,179692763
77;Sourdun;48,5369434;3,362878754
77;Saint-Loup-de-Naud;48,53697904;3,217901686
91;Saint-Vrain;48,53732105;2,322890784
77;Châtillon-la-Borde;48,53774236;2,826851813
77;Saint-Fargeau-Ponthierry;48,53909147;2,524997107
77;Le Mée-sur-Seine;48,53945885;2,629024827
77;Rampillon;48,54104343;3,072880993
77;Melun;48,54447236;2,657958219
77;Poigny;48,54492833;3,27716741
91;Cheptainville;48,54658417;2,274162184
91;Fontenay-le-Vicomte;48,54683861;2,400680411
91;Saint-Chéron;48,54919758;2,126628204
77;Chalautre-la-Grande;48,54975961;3,446378526
78;Ponthévrard;48,549935;1,908064148
91;Boissy-sous-Saint-Yon;48,55003959;2,212869824
77;Seine-Port;48,55146967;2,554396546
91;Vert-le-Petit;48,55202547;2,365985479
77;Maincy;48,55401569;2,706147814
77;Nangis;48,55463728;3,008838929
77;Vanvillé;48,55473485;3,115505662
77;Maison-Rouge;48,55494284;3,151346046
91;Breux-Jouy;48,55495015;2,160496707
77;Bréau;48,55750237;2,879728602
91;Avrainville;48,55765202;2,244289104
77;La Chapelle-Saint-Sulpice;48,5577473;3,179900304
91;Mennecy;48,55862422;2,43753236
91;Le Coudray-Montceaux;48,55877914;2,487424245
77;Blandy;48,56019912;2,795010808
91;Saint-Yon;48,5610752;2,192435775
77;Provins;48,56330933;3,287567801
77;Vulaines-lčs-Provins;48,56361437;3,219518086
77;Moisenay;48,56456215;2,741110828
77;Rubelles;48,5646424;2,68024009
77;Cesson;48,56473466;2,595244767
91;Marolles-en-Hurepoix;48,56497986;2,299206572
91;Saint-Cyr-sous-Dourdan;48,56550614;2,037821097
77;Saint-Ouen-en-Brie;48,56560984;2,919851305
91;Guibeville;48,56718783;2,271702027
77;Bombon;48,5678399;2,867641543
91;Le Val-Saint-Germain;48,56787894;2,081288704
77;Voisenon;48,57017954;2,663758815
77;Saint-Méry;48,57030817;2,837915245
91;Leudeville;48,57072541;2,327742574
77;Vert-Saint-Denis;48,57118065;2,62717331
91;Breuillet;48,57182151;2,165983898
77;Léchelle;48,57202424;3,389317686
77;Saint-Brice;48,57234213;3,334413476
78;Saint-Arnoult-en-Yvelines;48,57252201;1,934638479
91;Ormoy;48,57323572;2,457777987
78;Longvilliers;48,57419401;1,999203438
91;Écharcon;48,57505894;2,400801854
78;Orphin;48,57605923;1,782997405
91;Morsang-sur-Seine;48,57681536;2,500873682
91;Égly;48,57783139;2,221411766
91;Saint-Maurice-Montcouronne;48,57895123;2,120825842
91;La Norville;48,58142253;2,265691279
77;Nandy;48,58212873;2,547828527
77;Grandpuits-Bailly-Carrois;48,58232057;2,975824759
77;Châteaubleau;48,5830851;3,10857327
91;Vert-le-Grand;48,58355932;2,367195161
91;Villabé;48,58577676;2,452002882
77;Saint-Germain-Laxis;48,58627719;2,706371665
77;Vieux-Champagne;48,58713998;3,13821873
77;Fouju;48,58742127;2,765256005
78;Sonchamp;48,58809308;1,868886362
77;Savigny-le-Temple;48,58847858;2,573738613
77;Cucharmoy;48,58931086;3,179118601
91;Arpajon;48,59089216;2,243491176
91;Angervilliers;48,59112029;2,058649041
78;Émancé;48,59124436;1,733901746
77;Rouilly;48,591474;3,288819799
77;Mortery;48,59149905;3,248331572
77;Champeaux;48,59197911;2,811182997
78;Rochefort-en-Yvelines;48,59242801;1,979778231
91;Saintry-sur-Seine;48,59301074;2,494191927
77;La Croix-en-Brie;48,59449426;3,0709399
77;Montereau-sur-le-Jard;48,59631216;2,672435066
91;Lisses;48,59666889;2,424690946
78;Orcemont;48,59685782;1,809552756
77;Mormant;48,59777018;2,882045536
91;Courson-Monteloup;48,5982232;2,141308171
91;Saint-Germain-lčs-Arpajon;48,59824446;2,264613685
91;Bruyčres-le-Châtel;48,60031546;2,186870415
91;Vaugrigneuse;48,60133428;2,105414884
77;Beauchery-Saint-Martin;48,60222455;3,420811853
91;Brétigny-sur-Orge;48,60251134;2,302162323
77;Crisenoy;48,60325627;2,744696188
91;Corbeil-Essonnes;48,60348093;2,46934079
77;Clos-Fontaine;48,60352796;3,014235934
91;Saint-Pierre-du-Perray;48,60582826;2,516149267
91;Ollainville;48,60630918;2,218881031
91;Le Plessis-Pâté;48,60710657;2,341535436
77;Réau;48,60739314;2,62398597
91;Fontenay-lčs-Briis;48,61076318;2,164609558
77;Saint-Just-en-Brie;48,61102764;3,121280702
77;Voulton;48,6116398;3,339761689
91;Bondoufle;48,61404766;2,380025414
91;Leuville-sur-Orge;48,61419173;2,267869166
77;Quiers;48,61423322;2,961598463
77;Louan-Villegruis-Fontaine;48,61456367;3,489151094
77;Andrezel;48,61459673;2,80663235
78;Clairefontaine-en-Yvelines;48,61677418;1,90638036
77;Lissy;48,61810928;2,701508532
78;Bonnelles;48,61818951;2,029629083
91;Forges-les-Bains;48,61986692;2,082954231
77;Aubepierre-Ozouer-le-Repos;48,62027545;2,902875234
91;Courcouronnes;48,62163498;2,412880091
77;Chenoise;48,62210749;3,192187679
77;Champdeuil;48,62221169;2,731231671
78;Saint-Hilarion;48,62249835;1,728615279
78;Bullion;48,62458103;1,98307952
91;Linas;48,62550619;2,251353487
91;Saint-Germain-lčs-Corbeil;48,62570669;2,491404681
77;Lieusaint;48,62599102;2,549947327
77;Limoges-Fourches;48,62659162;2,669522954
77;Gastins;48,62678773;3,020211441
91;Briis-sous-Forges;48,62714477;2,130908047
77;Moissy-Cramayel;48,62858515;2,596023105
77;Saint-Hilliers;48,62891464;3,258235527
91;Évry;48,62948317;2,440082445
91;Saint-Michel-sur-Orge;48,6320496;2,311702778
91;Fleury-Mérogis;48,63330487;2,368253088
78;Gazeran;48,63342755;1,777589746
78;Raizeux;48,63561437;1,689069252
77;Guignes;48,63582242;2,800421097
77;Verneuil-l'Étang;48,63708939;2,832324332
77;Yčbles;48,63760605;2,768991308
91;Longpont-sur-Orge;48,64045569;2,28647061
91;Sainte-Genevičve-des-Bois;48,64125238;2,330194179
78;La Celle-les-Bordes;48,64164468;1,944884362
77;Beauvoir;48,64201728;2,863591244
91;Montlhéry;48,64225626;2,268120852
77;Courchamp;48,64252262;3,28982875
77;Rupéreux;48,64260053;3,326810439
77;Courpalay;48,64316479;2,953636599
91;Tigery;48,64449884;2,51906038
91;Ris-Orangis;48,64519392;2,407936318
77;Soignolles-en-Brie;48,64528145;2,708068092
91;Janvry;48,64614488;2,155360928
91;Marcoussis;48,64633219;2,206213937
91;Limours;48,64654323;2,081256637
77;Pécy;48,64670798;3,075075079
91;Pecqueuse;48,64827858;2,036585372
91;Étiolles;48,65012835;2,483310986
77;La Chapelle-Iger;48,65145292;2,992422832
77;Villiers-Saint-Georges;48,65169103;3,407757455
77;Argentičres;48,65205847;2,870894889
77;Évry-Grégy-sur-Yerre;48,65360429;2,639694118
78;Hermeray;48,65384292;1,688494712
78;Rambouillet;48,6539052;1,826528719
91;Morsang-sur-Orge;48,65628552;2,350887397
91;Grigny;48,65688961;2,387896479
77;Combs-la-Ville;48,65790863;2,575169163
77;Courtomer;48,65807816;2,896241038
91;Villiers-sur-Orge;48,65841998;2,299501208
77;Solers;48,65938592;2,72669569
91;Soisy-sur-Seine;48,66011639;2,462960116
91;Nozay;48,66065601;2,238143873
91;La Ville-du-Bois;48,6610195;2,26503431
91;Villemoisson-sur-Orge;48,66131077;2,331088791
78;Mittainville;48,66322719;1,635649993
77;Jouy-le-Châtel;48,66428481;3,135072304
77;Ozouer-le-Voulgis;48,66471662;2,776811229
91;Saint-Jean-de-Beauregard;48,66570656;2,171245774
77;Bezalles;48,66681215;3,240247811
77;Augers-en-Brie;48,66683466;3,352401784
77;Chaumes-en-Brie;48,66715449;2,84491274
91;Viry-Châtillon;48,66961689;2,373743576
78;Cernay-la-Ville;48,66963449;1,95970981
78;Vieille-Église-en-Yvelines;48,66974371;1,874798282
91;Quincy-sous-Sénart;48,67033273;2,528374049
77;Champcenest;48,67092077;3,276770236
91;Ballainvilliers;48,67132408;2,289138745
91;Les Moličres;48,671525;2,072846918
91;Gometz-la-Ville;48,67234995;2,109615936
77;Les Maręts;48,67251103;3,316599716
91;Épinay-sur-Orge;48,67261811;2,318345861
78;Choisel;48,67393682;2,01450642
91;Gometz-le-Châtel;48,67458347;2,142891374
77;Bernay-Vilbert;48,67528955;2,929521152
91;Boullay-les-Troux;48,67535151;2,048283138
77;Bannost-Villegagnon;48,67538099;3,191906553
77;Boisdon;48,67557361;3,226230119
91;Villejust;48,67773824;2,222942831
91;Draveil;48,67784138;2,421978019
77;Coubert;48,67828579;2,708385909
77;Courquetaine;48,67994686;2,747547813
91;Les Ulis;48,68032148;2,18518955
77;Voinsles;48,68121712;3,01742253
91;Varennes-Jarcy;48,68152269;2,562380312
78;Poigny-la-Foręt;48,68292629;1,75440035
77;Rozay-en-Brie;48,68354738;2,963861644
91;Savigny-sur-Orge;48,68422839;2,348738622
78;Auffargis;48,68429526;1,90243823
77;Grisy-Suisnes;48,68445036;2,676472465
91;Saulx-les-Chartreux;48,68502647;2,266347492
78;Senlisse;48,68541886;1,971743104
91;Épinay-sous-Sénart;48,68715271;2,515772255
91;Boussy-Saint-Antoine;48,68953091;2,533819153
78;La Boissičre-École;48,68988838;1,667755182
91;Longjumeau;48,6900488;2,302470567
91;Juvisy-sur-Orge;48,69187893;2,373936826
77;Brie-Comte-Robert;48,69204903;2,614060605
91;Bures-sur-Yvette;48,69299799;2,158386861
91;Montgeron;48,69515318;2,462498818
91;Villebon-sur-Yvette;48,69567744;2,235051551
77;Liverdy-en-Brie;48,69568505;2,780322132
91;Brunoy;48,69643963;2,503947533
77;Montceaux-lčs-Provins;48,69654791;3,444463614
78;Le Perray-en-Yvelines;48,69680181;1,843561311
94;Périgny;48,69683596;2,561679404
78;Le Tartre-Gaudran;48,69713872;1,603661131
77;Vaudoy-en-Brie;48,69756092;3,082463403
77;Fontenay-Trésigny;48,69797334;2,862313637
91;Gif-sur-Yvette;48,69882736;2,12788365
91;Orsay;48,7004094;2,187370512
91;Morangis;48,70270389;2,336142966
77;Courtacon;48,70305822;3,290701856
78;Dampierre-en-Yvelines;48,7037164;1,973079411
91;Vigneux-sur-Seine;48,70374454;2,427932038
78;Saint-Rémy-lčs-Chevreuse;48,70387376;2,07898925
77;Cerneux;48,7047767;3,34596513
78;La Hauteville;48,70489321;1,627394618
94;Mandres-les-Roses;48,70588802;2,548307416
77;Frétoy;48,70635772;3,202607505
78;Chevreuse;48,70715014;2,037144315
77;Beton-Bazoches;48,70721044;3,24596469
91;Chilly-Mazarin;48,70776631;2,311112233
91;Champlan;48,70835997;2,278153981
91;Athis-Mons;48,70924458;2,386604923
77;Sancy-lčs-Provins;48,70959877;3,392883926
77;Châtres;48,71275863;2,815841712
78;Saint-Forget;48,71276688;1,997036396
77;Le Plessis-Feu-Aussoux;48,71308403;3,038987034
77;Presles-en-Brie;48,71322936;2,737248813
77;Dagny;48,71373794;3,165282789
91;Palaiseau;48,71467659;2,228814881
91;Saint-Aubin;48,71496267;2,139531545
77;Servon;48,71505359;2,591642645
91;Yerres;48,71572107;2,492730203
78;Les Essarts-le-Roi;48,71601927;1,895251701
77;Lumigny-Nesles-Ormeaux;48,71958247;2,95371291
78;Grandchamp;48,71975722;1,614290773
91;Crosne;48,72008699;2,463317279
78;Adainville;48,72015358;1,662325118
94;Villecresnes;48,72086925;2,531577414
78;Les Bréviaires;48,72124107;1,816394811
77;Chevry-Cossigny;48,72281502;2,67680478
94;Ablon-sur-Seine;48,72384095;2,421176293
91;Paray-Vieille-Poste;48,72418482;2,359834939
77;Marles-en-Brie;48,72494453;2,888475979
78;Lévis-Saint-Nom;48,72660747;1,935442466
91;Massy;48,72778964;2,275131319
78;Milon-la-Chapelle;48,72846428;2,046618539
91;Villiers-le-Bâcle;48,72880809;2,122147025
91;Wissous;48,729451;2,329032922
78;Saint-Léger-en-Yvelines;48,73002757;1,759920997
77;Leudon-en-Brie;48,73042364;3,268090811
91;Vauhallan;48,7307999;2,19905266
94;Villeneuve-le-Roi;48,73209146;2,410374201
77;Saint-Martin-du-Boschet;48,7323589;3,428801465
78;Condé-sur-Vesgre;48,73249541;1,673727218
77;Touquin;48,73305996;3,028789803
77;Férolles-Attilly;48,73359525;2,638938131
77;Chevru;48,73368048;3,195775026
78;Saint-Lambert;48,73394276;2,00622958
91;Saclay;48,73543394;2,166302131
77;Amillis;48,73555041;3,135342836
94;Santeny;48,73561771;2,576374802
91;Igny;48,73622506;2,224420217
77;Saint-Mars-Vieux-Maisons;48,73820884;3,319750467
78;Châteaufort;48,73900444;2,09509831
94;Marolles-en-Brie;48,73947806;2,554913385
77;Tournan-en-Brie;48,73986582;2,77820567
78;Le Mesnil-Saint-Denis;48,74022506;1,966138359
78;Magny-les-Hameaux;48,74102073;2,05197934
94;Villeneuve-Saint-Georges;48,74138096;2,448998846
94;Orly;48,74293201;2,39468297
77;Les Chapelles-Bourbon;48,74359383;2,836547348
77;Pézarches;48,74410655;2,990136057
94;Limeil-Brévannes;48,74503578;2,489361844
78;Toussus-le-Noble;48,74662723;2,117905634
94;Boissy-Saint-Léger;48,74703599;2,52528049
78;Saint-Rémy-l'Honoré;48,74875078;1,875738058
94;Rungis;48,74948215;2,352818328
77;Gretz-Armainvilliers;48,74953289;2,726235785
77;Lésigny;48,74971823;2,615837753
78;Coigničres;48,749767;1,913818703
92;Antony;48,75034126;2,29932681
91;Verričres-le-Buisson;48,75044312;2,251712972
77;Chartronges;48,75136819;3,262564897
94;Valenton;48,7528724;2,461294796
78;Bourdonné;48,75432397;1,653940255
78;Les Mesnuls;48,75454265;1,834361843
78;La Verričre;48,75458621;1,951331093
77;Crčvecoeur-en-Brie;48,7560531;2,907161744
77;La Houssaye-en-Brie;48,75618863;2,867952161
78;Gambaiseuil;48,75654843;1,725273226
91;Bičvres;48,75673511;2,206652071
94;Fresnes;48,7571343;2,326128397
78;Voisins-le-Bretonneux;48,75867765;2,048506918
94;Thiais;48,76078419;2,385377295
77;Lescherolles;48,76086815;3,350447577
77;Beautheil;48,76117238;3,096116147
78;Les Loges-en-Josas;48,76243851;2,139117237
77;Ozoir-la-Ferričre;48,76356124;2,679625082
78;Dannemarie;48,76397074;1,608969657
94;Choisy-le-Roi;48,76431512;2,417425182
77;Saints;48,76437247;3,059225709
77;Choisy-en-Brie;48,76498883;3,213241048
94;Sucy-en-Brie;48,76564566;2,53305608
78;Jouy-en-Josas;48,76616354;2,16266396
77;Hautefeuille;48,7665436;2,963587375
94;Chevilly-Larue;48,766848;2,353066112
92;Châtenay-Malabry;48,76816902;2,262825985
78;Maurepas;48,76983936;1,924040371
77;Mauperthuis;48,77001529;3,038544367
78;Montfort-l'Amaury;48,77134715;1,808945449
78;Buc;48,77183389;2,123942867
78;Guyancourt;48,77307839;2,076052077
94;Bonneuil-sur-Marne;48,77336201;2,487993105
78;Bazoches-sur-Guyonne;48,77384758;1,852424532
77;Marolles-en-Brie;48,77418474;3,16145494
77;Neufmoutiers-en-Brie;48,77423658;2,826021082
94;Noiseau;48,77431547;2,555423754
78;Trappes;48,77500196;1,993440143
94;L'Ha˙-les-Roses;48,77632078;2,337729156
92;Sceaux;48,77681637;2,295294145
77;La Chapelle-Moutils;48,7774367;3,382716182
94;La Queue-en-Brie;48,77758661;2,583855776
78;Élancourt;48,77815965;1,960498985
77;Faremoutiers;48,77837227;3,00021736
78;Gambais;48,779609;1,676517423
78;Montigny-le-Bretonneux;48,77965878;2,029521945
92;Bourg-la-Reine;48,77990736;2,316430108
77;Favičres;48,78031987;2,767996219
78;Grosrouvre;48,78032622;1,757225469
92;Le Plessis-Robinson;48,78043836;2,26064286
77;Mortcerf;48,78289386;2,90546823
78;Le Tremblay-sur-Mauldre;48,78349992;1,878022372
94;Créteil;48,78374018;2,454635304
78;Maulette;48,78391195;1,616440191
78;Vélizy-Villacoublay;48,78398582;2,197074855
94;Ormesson-sur-Marne;48,78545627;2,539242143
77;Pontault-Combault;48,78714117;2,61407437
77;La Ferté-Gaucher;48,78817867;3,304230313
94;Vitry-sur-Seine;48,78828283;2,394126805
77;Saint-Martin-des-Champs;48,78834445;3,334270846
77;Saint-Augustin;48,78914496;3,028877331
92;Fontenay-aux-Roses;48,78973013;2,287234936
77;Roissy-en-Brie;48,79008554;2,661224158
78;Jouars-Pontchartrain;48,79045446;1,907842279
78;Mareil-le-Guyon;48,79108837;1,851488762
94;Cachan;48,79161216;2,331533132
77;Chailly-en-Brie;48,79241199;3,133727653
94;Villejuif;48,79285473;2,360061032
77;Jouy-sur-Morin;48,79550345;3,272523208
78;Méré;48,79554709;1,819940518
94;Alfortville;48,79608439;2,421245932
77;Pontcarré;48,79629277;2,707443665
92;Clamart;48,79643068;2,254746529
77;La Celle-sur-Morin;48,79649659;2,971753543
78;Galluis;48,79756231;1,791101536
94;Chennevičres-sur-Marne;48,79765029;2,541576301
77;Meilleray;48,79813448;3,417204616
92;Bagneux;48,79832299;2,309899952
78;Houdan;48,79889732;1,596770996
94;Saint-Maur-des-Fossés;48,79906778;2,493864505
78;Viroflay;48,80240407;2,171512911
78;Versailles;48,80256697;2,117892972
78;La Queue-les-Yvelines;48,80278935;1,767440006
92;Châtillon;48,80340918;2,287991319
92;Meudon;48,80372758;2,226962878
78;Bois-d'Arcy;48,80441857;2,019112943
77;Saint-Siméon;48,8045984;3,194334164
94;Arcueil;48,80588036;2,33351025
94;Le Plessis-Trévise;48,80601546;2,576198469
94;Maisons-Alfort;48,80639233;2,438182489
78;Saint-Cyr-l'École;48,80657593;2,06592507
78;Bazainville;48,80732412;1,667490546
92;Chaville;48,80760836;2,192340611
78;Millemont;48,80805835;1,72531898
77;Dammartin-sur-Tigeaux;48,80837827;2,903396723
94;Le Kremlin-Bicętre;48,8092201;2,356579652
77;Villeneuve-le-Comte;48,81153575;2,838361289
77;Coulommiers;48,81229917;3,091243818
77;Villeneuve-Saint-Denis;48,81245429;2,793288793
77;Saint-Rémy-la-Vanne;48,81254596;3,242040816
78;Plaisir;48,81260823;1,946985157
94;Ivry-sur-Seine;48,81280638;2,387780236
78;Neauphle-le-Château;48,81309974;1,904704127
94;Gentilly;48,81320444;2,344206597
78;Neauphle-le-Vieux;48,8151801;1,85898101
92;Montrouge;48,81530322;2,316489214
77;Croissy-Beaubourg;48,81670926;2,655478698
92;Malakoff;48,8169696;2,296935995
94;Champigny-sur-Marne;48,81725436;2,517098153
78;Fontenay-le-Fleury;48,8177985;2,046623354
77;Pommeuse;48,81787235;3,006132687
94;Saint-Maurice;48,81849214;2,437450134
78;Les Clayes-sous-Bois;48,81864066;1,984059555
77;Guérard;48,81875191;2,951609006
94;Joinville-le-Pont;48,81936832;2,470449778
77;Émerainville;48,81977624;2,608970067
77;Saint-Barthélemy;48,81989344;3,364501575
77;Ferričres-en-Brie;48,82003976;2,707612456
78;Villiers-Saint-Frédéric;48,82017846;1,882508206
78;Boissy-sans-Avoir;48,82104013;1,797537848
92;Sčvres;48,82147651;2,210522974
78;Vicq;48,82148431;1,828436947
92;Vanves;48,82152271;2,287394908
92;Ville-d'Avray;48,82158956;2,177613115
77;Chauffry;48,82188183;3,180997658
94;Charenton-le-Pont;48,8228085;2,407609155
92;Issy-les-Moulineaux;48,82347434;2,264498233
78;Garancičres;48,82360412;1,758317991
78;Richebourg;48,82480236;1,634601543
77;Tigeaux;48,82514759;2,898713588
77;Boissy-le-Châtel;48,82538324;3,137051902
94;Villiers-sur-Marne;48,82595862;2,545204833
77;Mouroux;48,82708962;3,050892151
78;Le Chesnay;48,82723977;2,130149082
77;Collégien;48,82733923;2,677447225
77;Montolivet;48,82796325;3,431592505
75;Paris 13e Arrondissement;48,82871768;2,362468229
75;Paris 14e Arrondissement;48,82899321;2,327100883
92;Marnes-la-Coquette;48,83027126;2,166472617
77;Bussy-Saint-Georges;48,83082693;2,722501424
77;Jossigny;48,83110076;2,763234027
78;Villepreux;48,83114501;2,013090857
78;Béhoust;48,83240018;1,724237487
78;Rocquencourt;48,83271866;2,104422271
78;Gressey;48,83284709;1,60339391
78;Saint-Germain-de-la-Grange;48,83307318;1,902354582
78;Tacoigničres;48,8331354;1,665230677
78;Rennemoulin;48,83324839;2,042294628
77;Lognes;48,8332806;2,633463632
75;Paris 12e Arrondissement;48,83515623;2,419807035
77;Montenils;48,83529419;3,478423444
93;Noisy-le-Grand;48,83618254;2,564437368
92;Boulogne-Billancourt;48,83658431;2,239135991
94;Nogent-sur-Marne;48,83666347;2,481667415
78;Bailly;48,83668969;2,080678096
78;Orgerus;48,83797117;1,696202363
94;Bry-sur-Marne;48,83840957;2,523196576
78;Auteuil;48,83949119;1,81898837
75;Paris 15e Arrondissement;48,84015542;2,293559372
77;Voulangis;48,84031218;2,889716286
92;Vaucresson;48,84105159;2,160264552
77;Bellot;48,84168587;3,324017772
94;Le Perreux-sur-Marne;48,84239524;2,504068486
94;Saint-Mandé;48,84244024;2,419219109
92;Saint-Cloud;48,8428741;2,208645703
77;Bailly-Romainvilliers;48,84342849;2,816658281
77;Saint-Léger;48,84358888;3,271234085
78;Autouillet;48,84393076;1,797002075
78;Thiverval-Grignon;48,84426975;1,933871589
75;Paris 5e Arrondissement;48,84450866;2,349859386
77;Serris;48,84479028;2,787548661
92;Garches;48,84501135;2,186650078
77;Saint-Denis-lčs-Rebais;48,84508749;3,199324664
77;Noisiel;48,84609265;2,619971004
78;Saulx-Marchais;48,84617539;1,836248825
77;Bussy-Saint-Martin;48,8462454;2,679004069
78;Noisy-le-Roi;48,84651545;2,054791105
78;La Celle-Saint-Cloud;48,84694871;2,135191262
94;Vincennes;48,8473732;2,437986507
77;Champs-sur-Marne;48,84833117;2,596103255
78;Chavenay;48,84835735;1,982880045
77;Aulnoy;48,84886705;3,089409302
75;Paris 6e Arrondissement;48,84896809;2,332670899
77;Villiers-sur-Morin;48,84908847;2,86879136
77;Saint-Germain-sous-Doue;48,85110273;3,138942036
94;Fontenay-sous-Bois;48,85110464;2,473954098
77;Guermantes;48,85142077;2,712465655
77;Montdauphin;48,8526076;3,419485492
77;Giremoutiers;48,85304056;3,033261518
77;Torcy;48,85325535;2,651232274
77;Coutevroult;48,85330917;2,84809971
78;Villiers-le-Mahieu;48,85333725;1,773799726
75;Paris 4e Arrondissement;48,85422828;2,357361938
78;Beynes;48,85444441;1,869890175
78;Orvilliers;48,8548104;1,642521002
78;Flexanville;48,85510844;1,743120327
75;Paris 7e Arrondissement;48,8560826;2,312438688
77;Crécy-la-Chapelle;48,85674461;2,933311537
77;Conches-sur-Gondoire;48,8575681;2,719232468
77;Chanteloup-en-Brie;48,8577766;2,740393916
77;Rebais;48,857969;3,232867977
77;Gouvernes;48,85846919;2,694643605
78;Boissets;48,85873179;1,587683095
77;Maisoncelles-en-Brie;48,85893763;2,993808752
78;Louveciennes;48,85901882;2,11364039
78;Prunay-le-Temple;48,85928981;1,671301147
75;Paris 11e Arrondissement;48,8594155;2,37874106
75;Paris 16e Arrondissement;48,86039876;2,262099559
93;Gournay-sur-Marne;48,86058179;2,575433138
93;Neuilly-sur-Marne;48,86245786;2,540002888
75;Paris 1er Arrondissement;48,86263049;2,336293447
75;Paris 3e Arrondissement;48,86305413;2,359361059
75;Paris 20e Arrondissement;48,86318678;2,400819827
93;Montreuil;48,86331751;2,448162119
78;Saint-Nom-la-Bretčche;48,86340501;2,01915428
78;Bougival;48,86359864;2,137607078
78;Davron;48,8636419;1,947490937
77;Saint-Thibault-des-Vignes;48,86370306;2,675768108
78;Osmoy;48,86400211;1,717105282
78;Civry-la-Foręt;48,86420061;1,616829388
78;Marcq;48,86423106;1,823820857
93;Neuilly-Plaisance;48,86432879;2,510402499
78;Marly-le-Roi;48,86500745;2,091250043
77;Magny-le-Hongre;48,86682728;2,814422748
78;L'Étang-la-Ville;48,86741161;2,060487544
75;Paris 2e Arrondissement;48,86790338;2,344107167
77;Montévrain;48,86829189;2,749596818
93;Bagnolet;48,86908363;2,422740967
92;Rueil-Malmaison;48,86918974;2,177340632
77;Vaires-sur-Marne;48,86978121;2,635659528
92;Suresnes;48,86984791;2,219655176
77;Chessy;48,8723311;2,770399647
78;Thoiry;48,8724624;1,797800621
75;Paris 8e Arrondissement;48,87252727;2,31258256
77;Lagny-sur-Marne;48,87307019;2,709780813
77;Villeneuve-sur-Bellot;48,87317349;3,333243277
77;Doue;48,87418851;3,168665383
93;Rosny-sous-Bois;48,87457638;2,486340459
77;Saint-Germain-sur-Morin;48,87525807;2,84028985
77;Sablonničres;48,87585264;3,293428479
75;Paris 10e Arrondissement;48,87602856;2,361112905
75;Paris 9e Arrondissement;48,87689616;2,337460241
78;Saint-Martin-des-Champs;48,87789293;1,719167611
78;Tilly;48,87797651;1,575009693
78;Mulcent;48,87841236;1,652092058
77;Verdelot;48,87852552;3,365212597
78;Croissy-sur-Seine;48,87878256;2,135411646
77;La Trétoire;48,8788972;3,246494898
77;Bouleurs;48,87907142;2,90787921
77;Sancy;48,87916746;2,961085116
78;Feucherolles;48,88008807;1,97983778
78;Montainville;48,8802024;1,852464524
78;Le Port-Marly;48,88047598;2,109039474
78;Mareil-Marly;48,88078365;2,076683559
78;Goupilličres;48,88111631;1,76679869
77;Couilly-Pont-aux-Dames;48,88166984;2,865340003
93;Les Lilas;48,88192089;2,419667821
93;Gagny;48,88207631;2,544948476
78;Crespičres;48,88220216;1,921122695
92;Puteaux;48,8837095;2,238341783
77;Chelles;48,88396297;2,596864486
77;La Haute-Maison;48,8841265;3,005691842
93;Le Pré-Saint-Gervais;48,88467349;2,40542233
93;Villemomble;48,884837;2,50893406
93;Romainville;48,8852119;2,437678842
78;Fourqueux;48,8853336;2,055629385
92;Neuilly-sur-Seine;48,88537197;2,266425847
77;Coupvray;48,88554983;2,793492187
77;Montry;48,88593156;2,823197778
77;Pomponne;48,88672215;2,674876621
75;Paris 19e Arrondissement;48,88686862;2,384694328
75;Paris 17e Arrondissement;48,88733717;2,307485559
78;Septeuil;48,8882004;1,684592186
78;Andelu;48,88822828;1,811077733
78;Mareil-sur-Mauldre;48,88860679;1,875281294
77;Brou-sur-Chantereine;48,89016165;2,639898597
93;Noisy-le-Sec;48,89132246;2,459136474
78;Montchauvet;48,89167047;1,626814974
77;Thorigny-sur-Marne;48,891898;2,712370343
77;Coulommes;48,89191049;2,929425344
75;Paris 18e Arrondissement;48,89273507;2,348711934
78;Flins-Neuve-Église;48,89274737;1,576632993
78;Le Pecq;48,89361705;2,105036359
78;Le Vésinet;48,89386406;2,13039312
77;Dampmart;48,89436263;2,745982809
92;Levallois-Perret;48,89507167;2,286882681
78;Hargeville;48,8952161;1,746146654
77;Chalifert;48,89526456;2,77324025
78;Courgent;48,89571685;1,659413235
78;Chambourcy;48,89605928;2,033215652
92;Nanterre;48,89607013;2,206713464
78;Chatou;48,89655746;2,153934583
77;Boitron;48,89658686;3,261883552
93;Le Raincy;48,89674476;2,51973664
77;Pierre-Levée;48,89738651;3,036723676
93;Montfermeil;48,89826167;2,567143548
93;Pantin;48,89830939;2,408721475
92;Courbevoie;48,89845048;2,255705873
77;Condé-Sainte-Libiaire;48,89858828;2,836399127
77;Vaucourtois;48,89883827;2,956942059
77;Quincy-Voisins;48,89939023;2,877465381
77;Esbly;48,90056364;2,812388451
78;Aigremont;48,90083805;2,015363061
77;Orly-sur-Morin;48,9011407;3,226584966
93;Bondy;48,90232345;2,483727694
77;Jouarre;48,90254101;3,112805325
78;Herbeville;48,90260443;1,890204141
92;Clichy;48,90353591;2,305752305
77;Hondevilliers;48,9036038;3,311902329
77;Carnetin;48,90421864;2,699398558
78;Mondreville;48,9042583;1,557870169
78;Jumeauville;48,90660836;1,783987757
92;La Garenne-Colombes;48,90675771;2,244646041
77;Saint-Ouen-sur-Morin;48,90682617;3,201905424
93;Clichy-sous-Bois;48,90762851;2,546202227
93;Bobigny;48,90768824;2,438639827
78;Maule;48,90785486;1,839595345
93;Les Pavillons-sous-Bois;48,90820603;2,502974483
93;Saint-Ouen;48,90980658;2,332570422
78;Arnouville-lčs-Mantes;48,91100689;1,720439993
78;Rosay;48,91131059;1,683959146
78;Dammartin-en-Serve;48,9114066;1,617812901
77;Villevaudé;48,91178011;2,662248073
77;Saint-Cyr-sur-Morin;48,91192882;3,17472722
78;Carričres-sur-Seine;48,91193351;2,178382353
93;Aubervilliers;48,91217226;2,384455138
77;Boutigny;48,91279817;2,929251585
78;Les Alluets-le-Roi;48,91431683;1,914762365
77;Le Pin;48,9144329;2,628385547
77;Jablines;48,91446974;2,756601817
77;Lesches;48,91526463;2,792807403
92;Bois-Colombes;48,91533684;2,267385526
92;Asničres-sur-Seine;48,91535301;2,288038466
78;Orgeval;48,91648873;1,969287736
77;Courtry;48,91672953;2,602993995
77;Isles-lčs-Villenoy;48,91706443;2,830573584
78;Montesson;48,91722639;2,139926791
77;Signy-Signets;48,91737605;3,063970971
93;Coubron;48,91765196;2,576312317
93;Livry-Gargan;48,91976332;2,534865923
77;Villemareuil;48,92022878;2,984745045
78;Boinvilliers;48,92049002;1,662893475
77;Annet-sur-Marne;48,92233353;2,708546224
92;Colombes;48,92251791;2,246751606
77;Bassevelle;48,92284967;3,282066188
78;Longnes;48,92285738;1,579471289
93;Drancy;48,92342463;2,444926887
78;Goussonville;48,92350151;1,766772293
78;Poissy;48,92353594;2,027155528
77;Mareuil-lčs-Meaux;48,92362263;2,869756973
77;Saint-Fiacre;48,92471526;2,953840657
78;Le Mesnil-le-Roi;48,92579995;2,122173239
95;Bezons;48,92598101;2,211333878
78;Villette;48,92627887;1,693741725
78;Houilles;48,92657814;2,187464026
77;Bussičres;48,92663516;3,237472203
78;Boinville-en-Mantois;48,92848359;1,749280348
77;Nanteuil-lčs-Meaux;48,92858777;2,899140517
78;Aulnay-sur-Mauldre;48,92912298;1,840815256
93;Saint-Denis;48,92956505;2,359242998
78;Bazemont;48,93189766;1,874100458
93;La Courneuve;48,93225695;2,399780648
77;Précy-sur-Marne;48,93227856;2,768256162
78;Flacourt;48,93233382;1,642604229
93;Vaujours;48,93247726;2,58100257
77;Vignely;48,93262871;2,815785328
78;Morainvilliers;48,93434582;1,945503129
92;Gennevilliers;48,93451905;2,29384988
78;Neauphlette;48,93534764;1,542271133
93;Le Bourget;48,93618475;2,428278556
92;Villeneuve-la-Garenne;48,93640619;2,324489959
78;Villennes-sur-Seine;48,93681952;1,995865275
78;La Falaise;48,93694968;1,825378742
93;Sevran;48,93860702;2,531240576
77;Saint-Jean-les-Deux-Jumeaux;48,93878347;3,026955402
77;Fublaines;48,93914479;2,940665859
93;Le Blanc-Mesnil;48,93954755;2,461121485
93;L'Île-Saint-Denis;48,93956938;2,325452528
78;Sartrouville;48,93960855;2,174586865
77;Sept-Sorts;48,94015862;3,106270843
78;Vert;48,94030144;1,683202743
78;Saint-Germain-en-Laye;48,94070414;2,098709294
77;Villenoy;48,94144845;2,851498522
77;Sammeron;48,94157438;3,077016641
77;Fresnes-sur-Marne;48,94181173;2,739789825
77;Villeparisis;48,94199819;2,61700201
78;Nézel;48,94223973;1,839278929
78;Le Tertre-Saint-Denis;48,94253667;1,608406791
77;Claye-Souilly;48,94296975;2,675232118
77;Montceaux-lčs-Meaux;48,94340889;2,994441632
78;Breuil-Bois-Robert;48,94360097;1,714717084
78;Favrieux;48,9448447;1,64166996
78;Carričres-sous-Poissy;48,9455639;2,029137065
93;Aulnay-sous-Bois;48,94583844;2,493290417
78;Ecquevilly;48,9459356;1,920040519
78;Épône;48,94717597;1,812695849
77;Trilbardou;48,9487712;2,804178974
93;Dugny;48,95034087;2,42386375
77;Charmentray;48,95090819;2,779012653
77;Saâcy-sur-Marne;48,95103881;3,217089196
95;Argenteuil;48,95113446;2,24104095
78;Maisons-Laffitte;48,9523369;2,151615949
78;Guerville;48,95237177;1,740805588
78;Mézičres-sur-Seine;48,95342864;1,782874134
78;Soindres;48,95354242;1,671683507
77;La Ferté-sous-Jouarre;48,95401641;3,127621744
78;Auffreville-Brasseuil;48,95441857;1,705147512
78;Médan;48,95482354;1,987578042
78;Bréval;48,95497092;1,54155386
93;Épinay-sur-Seine;48,95501321;2,314530432
77;Reuil-en-Brie;48,95656802;3,163439303
78;Ménerville;48,95668357;1,596108181
93;Stains;48,95677757;2,385449563
77;Meaux;48,95706257;2,900030972
93;Villetaneuse;48,95729765;2,345066337
77;Trilport;48,95872493;2,96624104
93;Villepinte;48,95902025;2,536306342
78;Bouafle;48,96058281;1,897151093
77;Citry;48,96088928;3,245839559
93;Pierrefitte-sur-Seine;48,96098334;2,363281254
78;Fontenay-Mauvoisin;48,96109245;1,647777785
78;Aubergenville;48,96269163;1,848702519
77;Gressy;48,96500997;2,664403767
78;Saint-Illiers-le-Bois;48,96509398;1,511869816
95;Bonneuil-en-France;48,96514615;2,434928854
78;Vernouillet;48,96556972;1,975303021
78;Boissy-Mauvoisin;48,96585955;1,581598158
77;Changis-sur-Marne;48,96635326;3,025133856
77;Ussy-sur-Marne;48,96658388;3,081981518
77;Messy;48,96712023;2,701159835
78;Flins-sur-Seine;48,9673692;1,872721873
78;Chapet;48,96814653;1,940122991
78;Magnanville;48,96819259;1,685671585
95;Cormeilles-en-Parisis;48,96822497;2,199213495
95;Saint-Gratien;48,96897249;2,285180034
77;Charny;48,96978187;2,756003351
95;Montmagny;48,96991958;2,346075318
95;Garges-lčs-Gonesse;48,97012313;2,405340385
95;Enghien-les-Bains;48,97016048;2,304859554
78;Perdreauville;48,97045758;1,613251629
95;Deuil-la-Barre;48,97126902;2,326162901
95;Sannois;48,97177731;2,252995141
78;Achčres;48,97179909;2,090038718
77;Chauconin-Neufmontiers;48,97193328;2,831586349
77;Poincy;48,97341672;2,923733831
78;Jouy-Mauvoisin;48,9744681;1,646593777
95;La Frette-sur-Seine;48,97452447;2,177867775
78;Mantes-la-Ville;48,97479394;1,712055718
77;Méry-sur-Marne;48,97580331;3,20315053
78;Chanteloup-les-Vignes;48,97599613;2,031998296
78;Porcheville;48,97618649;1,768310153
77;Luzancy;48,9776259;3,180797746
78;Saint-Illiers-la-Ville;48,97762645;1,544210342
77;Crégy-lčs-Meaux;48,97765635;2,87369096
77;Mitry-Mory;48,97794502;2,612444658
78;Triel-sur-Seine;48,97802825;2,008770517
93;Tremblay-en-France;48,97843041;2,554685015
77;Nanteuil-sur-Marne;48,98051097;3,222328399
77;Armentičres-en-Brie;48,98055688;3,015566546
78;Andrésy;48,98154544;2,050257469
77;Villeroy;48,98247066;2,783072668
78;Buchelay;48,98370196;1,67436909
95;Groslay;48,98497011;2,350490578
77;Chamigny;48,9851781;3,142182969
77;Saint-Mesmes;48,98561281;2,714764946
95;Arnouville;48,98582702;2,417143708
77;Germigny-l'Évęque;48,98595078;2,95833194
95;Gonesse;48,9864903;2,456989963
78;Issou;48,98699559;1,789144984
77;Jaignes;48,98705524;3,074558249
78;Verneuil-sur-Seine;48,98720934;1,962765322
95;Ermont;48,98824217;2,256624437
95;Soisy-sous-Montmorency;48,98840779;2,300499783
95;Franconville;48,98841611;2,223893206
78;Les Mureaux;48,98880411;1,913634489
77;Compans;48,98922987;2,656110382
78;Cravent;48,98957447;1,484599591
95;Sarcelles;48,99022504;2,381602727
77;Penchard;48,99078771;2,857737173
95;Eaubonne;48,99099402;2,278009255
95;Montmorency;48,99186434;2,321197978
78;Gargenville;48,99314507;1,810693762
95;Montigny-lčs-Cormeilles;48,99380356;2,19351793
78;Limay;48,99464382;1,739870485
77;Iverny;48,99624397;2,790889186
78;Rosny-sur-Seine;48,99642266;1,608200774
78;Lommoye;48,99739526;1,516444062
77;Isles-les-Meldeuses;48,99774131;3,012545428
78;Mantes-la-Jolie;48,99816654;1,693378068
77;Chambry;48,99853556;2,894221619
78;Maurecourt;48,99875389;2,052977719
78;Juziers;48,99991735;1,840366025
78;Conflans-Sainte-Honorine;49,00010078;2,099071905
95;Vaudherland;49,00049673;2,486429562
95;Herblay;49,00070028;2,149676808
77;Nantouillet;49,00097523;2,701695326
95;Margency;49,00148885;2,28907009
95;Saint-Brice-sous-Foręt;49,00190336;2,35030689
77;Sainte-Aulde;49,00307131;3,17460319
95;Le Plessis-Bouchard;49,00327935;2,234019996
78;Mézy-sur-Seine;49,00329086;1,869195807
77;Vinantes;49,00336689;2,739932369
77;Le Plessis-aux-Bois;49,00377603;2,767640459
77;Tancrou;49,00389791;3,079862607
95;Le Thillay;49,004277;2,46927525
77;Varreddes;49,00581988;2,928077901
78;Meulan-en-Yvelines;49,0064172;1,913175563
95;Roissy-en-France;49,00660444;2,514177435
77;Le Plessis-l'Évęque;49,00722486;2,795585178
78;Guitrancourt;49,00756688;1,779064638
95;Andilly;49,00840881;2,302773358
95;Villiers-le-Bel;49,00844942;2,40385604
77;Thieux;49,00914753;2,663098856
78;Vaux-sur-Seine;49,00958152;1,974496265
77;Monthyon;49,01010856;2,832918985
78;Hardricourt;49,01093409;1,887299841
95;Jouy-le-Moutier;49,01136251;2,034083179
77;Congis-sur-Thérouanne;49,01253417;2,978478584
95;Montlignon;49,0141682;2,289004889
95;Beauchamp;49,0148746;2,192233348
78;Guernes;49,01536719;1,642385289
77;Mary-sur-Marne;49,01545763;3,033137895
78;Chaufour-lčs-Bonničres;49,01583937;1,485364014
77;Le Mesnil-Amelot;49,01614201;2,596068937
95;Piscop;49,01658747;2,34203473
77;Barcy;49,01687748;2,8765598
78;La Villeneuve-en-Chevrie;49,01712839;1,531116186
78;Évecquemont;49,01721769;1,942193132
95;Neuville-sur-Oise;49,0173344;2,062766561
77;Cocherel;49,01840871;3,106650915
95;Boisemont;49,01868666;2,003842006
78;Rolleboise;49,01918866;1,601834647
95;Pierrelaye;49,0194444;2,161055578
77;Cuisy;49,01978784;2,777893491
78;Bonničres-sur-Seine;49,02001456;1,570587718
95;Saint-Leu-la-Foręt;49,02021648;2,246760442
95;Éragny;49,02045875;2,101366358
95;Saint-Prix;49,02082248;2,270150665
77;Juilly;49,02161433;2,705832837
95;Bouqueval;49,02234174;2,429974228
78;Follainville-Dennemont;49,02299548;1,708610789
95;Goussainville;49,02434302;2,466198489
78;Tessancourt-sur-Aubette;49,0250431;1,918352801
78;Oinville-sur-Montcient;49,02550991;1,846120454
95;Écouen;49,02606432;2,384856956
78;Brueil-en-Vexin;49,02642066;1,81316986
95;Taverny;49,02673162;2,221160672
95;Menucourt;49,02754222;1,974684822
78;Fontenay-Saint-Pčre;49,02799199;1,754484717
77;Villeneuve-sous-Dammartin;49,02870501;2,636707397
77;Mauregard;49,02889304;2,571854714
77;Montgé-en-Goële;49,02938719;2,743910309
95;Vauréal;49,02950734;2,024466191
95;Domont;49,02966557;2,322901037
78;Gaillon-sur-Montcient;49,02985774;1,89797447
95;Épiais-lčs-Louvres;49,03019329;2,548840909
77;Ocquerre;49,03357956;3,060162132
77;Lizy-sur-Ourcq;49,03520629;3,01893213
78;Jeufosse;49,03535414;1,537249701
77;Dhuisy;49,03577598;3,164334961
95;Le Plessis-Gassot;49,03578618;2,415919233
77;Gesvres-le-Chapitre;49,0358954;2,84316991
78;Saint-Martin-la-Garenne;49,03596133;1,67730723
77;Saint-Soupplets;49,03679306;2,802513547
78;Méricourt;49,03704196;1,623935864
77;Marcilly;49,03704373;2,880482547
95;Bessancourt;49,03730826;2,198510007
95;Condécourt;49,03756479;1,936591109
95;Ézanville;49,03860038;2,362691203
77;Saint-Mard;49,03874955;2,697026502
95;Cergy;49,04011316;2,050821237
95;Courdimanche;49,04067679;1,999443592
78;Blaru;49,04079157;1,480636628
77;Vendrest;49,04150841;3,108432487
95;Bouffémont;49,04157253;2,29838458
77;Étrépilly;49,04208687;2,930519066
95;Chennevičres-lčs-Louvres;49,04209244;2,546538948
95;Seraincourt;49,04213956;1,878669918
95;Louvres;49,04229777;2,503584914
77;Trocy-en-Multien;49,04241911;2,962056475
78;Sailly;49,0430008;1,793682358
95;Saint-Ouen-l'Aumône;49,04416835;2,128613037
95;Moisselles;49,04595987;2,337449393
77;Moussy-le-Vieux;49,04787657;2,62361969
78;Bennecourt;49,04799749;1,572324325
78;Jambville;49,04847544;1,848365412
78;Montalet-le-Bois;49,04898974;1,82996135
78;Freneuse;49,0495054;1,61035317
95;Fontenay-en-Parisis;49,05011966;2,445393719
95;Frépillon;49,05013069;2,204898991
77;Longperrier;49,05096954;2,65542471
78;Mousseaux-sur-Seine;49,05127554;1,650455875
95;Pontoise;49,05137379;2,094879289
78;Drocourt;49,05196233;1,7682208
95;Sagy;49,05264612;1,968521216
77;Marchémoret;49,05285525;2,751692814
95;Chauvry;49,05304908;2,26887039
77;Le Plessis-Placy;49,05334688;2,985339369
95;Le Mesnil-Aubry;49,05354305;2,392308691
77;Forfry;49,05359199;2,849610589
77;Dammartin-en-Goële;49,05416905;2,679261042
95;Béthemont-la-Foręt;49,05431709;2,251140286
95;Méry-sur-Oise;49,05484226;2,173972542
78;Port-Villez;49,05796007;1,516336864
95;Baillet-en-France;49,05876344;2,302423902
95;Saint-Cyr-en-Arthies;49,05913061;1,741957905
78;Limetz-Villez;49,05981217;1,550675995
95;Villeron;49,06084298;2,534510975
95;Attainville;49,0609608;2,350436999
95;Longuesse;49,06166267;1,926594212
77;Douy-la-Ramée;49,0618014;2,883514634
95;Vétheuil;49,06202165;1,706721536
78;Lainville-en-Vexin;49,0624169;1,816899519
95;Vémars;49,06285714;2,567230727
95;Puiseux-Pontoise;49,06376421;2,0158675
77;Rouvres;49,06379453;2,718387229
77;Germigny-sous-Coulombs;49,06439549;3,161414639
95;Châtenay-en-France;49,06491541;2,462747376
77;Puisieux;49,06541414;2,915372839
95;Frémainville;49,06629034;1,869614167
95;Vienne-en-Arthies;49,06644101;1,722290129
95;Puiseux-en-France;49,06685041;2,488523409
95;Osny;49,06765899;2,063116785
78;Moisson;49,06825734;1,664150112
77;May-en-Multien;49,06998682;3,025185234
95;Mareil-en-France;49,07003848;2,417537939
77;Moussy-le-Neuf;49,0702568;2,607541827
95;Villiers-Adam;49,07028882;2,239508719
77;Oissery;49,07054404;2,817670142
78;Gommecourt;49,07115573;1,594307035
95;Montsoult;49,07158302;2,303814805
95;Aincourt;49,0728443;1,774034162
95;Courcelles-sur-Viosne;49,07302574;1,99630178
77;Saint-Pathus;49,07375706;2,787942211
95;Villiers-le-Sec;49,07430887;2,3868896
95;Villaines-sous-Bois;49,07537399;2,356636702
77;Vincy-Manoeuvre;49,07600966;2,958137505
95;Mériel;49,07715873;2,213250514
77;Coulombs-en-Valois;49,07774619;3,128147771
95;Ennery;49,0784386;2,109412105
95;Vigny;49,08016556;1,929923237
95;Auvers-sur-Oise;49,08038586;2,154880709
95;Jagny-sous-Bois;49,08142781;2,443995114
95;Marly-la-Ville;49,08150576;2,508717975
77;Othis;49,08272593;2,654226724
95;Haute-Isle;49,08273064;1,662817608
95;Boissy-l'Aillerie;49,08311742;2,032692835
95;Maffliers;49,08362915;2,312333333
95;Butry-sur-Oise;49,08390633;2,191844489
95;Ableiges;49,08577299;1,974865246
95;Saint-Witz;49,08578372;2,55227615
95;Villers-en-Arthies;49,08589993;1,730396299
77;Crouy-sur-Ourcq;49,08674805;3,079646335
95;La Roche-Guyon;49,08748554;1,63442621
95;Avernes;49,08882642;1,870039447
95;Épinay-Champlâtreux;49,09002621;2,407100336
95;Nerville-la-Foręt;49,09035137;2,276250103
95;Théméricourt;49,09038095;1,905322628
95;Montgeroult;49,09080428;2,007870155
95;Chérence;49,09117148;1,681272005
95;Belloy-en-France;49,09223958;2,371761287
95;Bellefontaine;49,09254501;2,469558147
95;Génicourt;49,0948354;2,060727059
95;Lassy;49,09492812;2,437848619
95;Arthies;49,09498607;1,797262537
95;Le Plessis-Luzarches;49,09572967;2,454756443
95;Wy-dit-Joli-Village;49,09581978;1,825028833
95;Valmondois;49,09765007;2,180163195
95;Gadancourt;49,09859795;1,858477706
95;Fosses;49,1000438;2,499064954
95;Livilliers;49,10045742;2,094623911
95;Saint-Martin-du-Tertre;49,10393302;2,334457401
95;Us;49,10480768;1,957646101
95;Hérouville;49,10489391;2,127220469
95;Survilliers;49,10597362;2,544107428
95;L'Isle-Adam;49,10722559;2,234362418
95;Maudétour-en-Vexin;49,10936202;1,777084174
95;Amenucourt;49,11033118;1,650049843
95;Presles;49,11185698;2,286744379
95;Cormeilles-en-Vexin;49,11343293;2,019779166
95;Chaussy;49,11345655;1,703513864
95;Gouzangrez;49,11386444;1,908368796
95;Luzarches;49,11512111;2,44082641
95;Guiry-en-Vexin;49,11584668;1,855689126
95;Le Perchay;49,11640533;1,927390871
95;Genainville;49,11686714;1,754274929
95;Parmain;49,12286991;2,201277887
95;Seugy;49,12302093;2,394795512
95;Viarmes;49,12311079;2,37799676
95;Frémécourt;49,12349592;1,993476872
95;Épiais-Rhus;49,12383632;2,073112532
95;Banthelu;49,12563517;1,81493362
95;Nesles-la-Vallée;49,12604039;2,171762673
95;Commeny;49,12658054;1,888004694
95;Nointel;49,12886919;2,29434376
95;Chaumontel;49,1289963;2,4364333
95;Santeuil;49,12950345;1,958103044
95;Mours;49,13039475;2,264150889
95;Cléry-en-Vexin;49,13192862;1,848164215
95;Grisy-les-Plâtres;49,13323467;2,048461153
95;Labbeville;49,13383057;2,135029242
95;Vallangoujard;49,13407499;2,103933448
95;Noisy-sur-Oise;49,13466767;2,328483044
95;Moussy;49,13499381;1,908680357
95;Charmont;49,13708703;1,789874143
95;Brignancourt;49,13955373;1,943521002
95;Beaumont-sur-Oise;49,14009811;2,300212672
95;Asničres-sur-Oise;49,14073386;2,380059726
95;Hodent;49,14217049;1,762430658
95;Bray-et-Lű;49,14219531;1,665756568
95;Omerville;49,14274078;1,7222479
95;Champagne-sur-Oise;49,14277591;2,228016806
95;Marines;49,14804486;1,983760193
95;Bréançon;49,14934812;2,023071089
95;Le Bellay-en-Vexin;49,14935583;1,878608171
95;Persan;49,14974417;2,269783932
95;Ambleville;49,15095333;1,694953335
95;Menouville;49,15323556;2,10779434
95;Theuville;49,15679654;2,069166354
95;Frouville;49,157487;2,146590928
95;Chars;49,15760207;1,931531332
95;Hédouville;49,15849636;2,177680345
95;Magny-en-Vexin;49,15861756;1,810393221
95;Nucourt;49,15953932;1,856434093
95;Bruyčres-sur-Oise;49,16101253;2,328783006
95;Bernes-sur-Oise;49,16541333;2,301276337
95;Saint-Gervais;49,16690767;1,761663505
95;Le Heaulme;49,16699182;2,000401472
95;Ronquerolles;49,16770391;2,213416666
95;Montreuil-sur-Epte;49,17049505;1,686153849
95;Neuilly-en-Vexin;49,17378477;1,980231533
95;Arronville;49,1740737;2,11287557
95;Haravilliers;49,17526445;2,03713061
95;La Chapelle-en-Vexin;49,18351394;1,728554959
95;Buhy;49,19175014;1,702775506
95;Berville;49,19249432;2,070914171
95;Saint-Clair-sur-Epte;49,21315419;1,70318156
